Title,Company,Location,Skills
Artificial Intelligence (AI),OmniNeura AI Technologies Pvt Ltd,Work from home,PythonMachine LearningNatural Language Processing (NLP)Deep Learning
Technical Support,Tech Analogy,Ahmedabad,MATLABOpenCVSolidWorksClient InteractionMachine LearningTechnical SupportClient Relationship+4 more
Data Annotation,RoadVision AI Private Limited,South,Data InterpretationData Annotation
Data Science,Zoop Live,Delhi,PythonMachine LearningData ScienceNatural Language Processing (NLP)Deep LearningArtificial intelligenceNumPy+1 more
Data Science,Tradexa Technologies Private Limited,Pune,PythonSQLAlgorithmsData StructuresData AnalyticsStatistical ModelingGit+2 more
Data Science,Emoolar Technology Private Limited,Work from home,PythonMachine LearningData ScienceArtificial intelligence
Agentic RAG Tools And Applications Development,FrugalX (Frugal Explorations Foundation),Work from home,JavaScriptTypeScript
Data Science,Mindenious Edutech,Work from home,PythonSQLData AnalyticsMachine LearningData ScienceDeep Learning
Artificial Intelligence For Biotech For Climate (A4B4C),Energy Alternatives India,Chennai,BiologyMachine LearningBioinformaticsMicrobiological TechniquesNeural NetworksBusiness ResearchArtificial intelligence+1 more
Full Stack Development,NDL Power Limited,Work from home,PythonASP.NETMachine LearningNode.jsMS SQL ServerAutomationReact+5 more
,,,
Data Science,"Mekari (Jakarta, Indonesia)",Work from home,PythonSQLData AnalyticsMachine LearningData entryData ScienceNatural Language Processing (NLP)+4 more
Devops Engineer,Techdome Solutions Private Limited,"Indore, Hyderabad",LinuxMachine LearningJenkinsAnsibleKubernetesCI/CDTerraform+3 more
"Producers Assistant Residency Program: Founders Office - Research, Development And Operations (Hollywood Film)",Continuum Media,Mumbai,MS-OfficeContent WritingPythonAdobe IllustratorSQLAdobe Creative SuiteMachine Learning+7 more
Technical Content Curation,Tech Analogy,Ahmedabad,Content WritingOpenCVPythonSolidWorksARM MicrocontrollerRoboticsSearch Engine Optimization (SEO)+9 more
Android App Development,Practice Buzz,Chandigarh,PythonGitMachine LearningJSONGitHubComputer VisionREST API+4 more
Python Development,Jorim Technology Solutions Private Limited,Chennai                                                                (Hybrid),PythonDjangoMachine LearningREST APIFlask
Machine Learning,Zdminds,Work from home,PythonData AnalyticsMachine LearningR ProgrammingData ScienceNatural Language Processing (NLP)Deep Learning+1 more
Machine Learning,CareerNest,Work from home,PythonMachine LearningData Science
Python Development,Zdminds,Work from home,HTMLCSSPythonDjangoMachine LearningREST APIFlask
Data Analytics,Zdminds,Work from home,PythonSQLData AnalyticsMS-ExcelData SciencePower BITableau
AI Agent Development,On Demand Experts,Work from home,PythonLLMOpsLLM evaluation
Data Science,CareerNest,Work from home,PythonData AnalyticsMachine LearningData ScienceNatural Language Processing (NLP)Deep LearningArtificial intelligence
Python Development,Treviax.in,Work from home,HTMLCSSPythonDjangoMachine LearningREST APIFlask
Machine Learning,Treviax.in,Work from home,PythonData AnalyticsMachine LearningData ScienceNatural Language Processing (NLP)Deep LearningArtificial intelligence
Data Science,Zdminds,Work from home,PythonSQLData AnalyticsMachine LearningData ScienceNatural Language Processing (NLP)
Artificial Intelligence (AI),Zdminds,Work from home,PythonData StructuresMachine LearningData ScienceNeural NetworksNatural Language Processing (NLP)Deep Learning
Python Development,Mindenious Edutech,Work from home,HTMLCSSPythonMachine Learning
Artificial Intelligence (AI),Stirring Minds,"Delhi, Gurgaon, Noida                                                                (Hybrid)",PythonData StructuresMachine LearningData ScienceNeural NetworksNatural Language Processing (NLP)Deep Learning+3 more
AI Engineer,Clientcarex AI Private Limited,Hyderabad,Problem SolvingResearch and AnalyticsReport GenerationSelf-learningGenerative AI ToolsChatGPT
AI For Climate Tech,Energy Alternatives India,Chennai,BiologyMachine LearningBioinformaticsMicrobiological TechniquesNeural NetworksBusiness ResearchArtificial intelligence+1 more
Instructional Designer,Kalvium,Bangalore,Data StructuresMachine LearningData ScienceComputer ArchitectureOperating SystemsCybersecurityGenerative AI Tools
Artificial Intelligence (AI),Zoxima Solutions Private Limited,Work from home,Artificial intelligenceLangChain
Machine Learning,Vaibhav Wakade,"Pune, Ahmednagar, Nashik                                                                (Hybrid)",JavaScriptPythonData AnalyticsAutomationNatural Language Processing (NLP)Deep LearningBlockchain+5 more
Artificial Intelligence (AI),Across The Globe (ATG),Work from home,PythonData StructuresMachine LearningComputer VisionData ScienceNeural NetworksNatural Language Processing (NLP)+2 more
AI Engineer,Entrepreneur Growth Lab (OPC) Private Limited,Work from home,JavaJavaScriptPythonAlgorithmsMachine LearningAutomationREST API+4 more
AI/ML Python,Tellis Technologies Private Limited,Work from home,JavaScriptPythonMachine LearningArtificial intelligenceMERN
Artificial Intelligence (AI),Stirring Minds,Work from home,PythonSQLData StructuresMachine LearningData ScienceNeural NetworksRTOS+7 more
Software Engineering- AI Agent Integration Team,EmergentLabs,Bangalore,PythonProblem SolvingArtificial intelligenceAPIsDebuggingPrompt Engineering
Python Development,Scoreazy Edutech Private Limited,Work from home,PythonREST APIFastAPIOpenAI APIStreamlitPrompt Engineering
Quant Developer,QuantGlobal,"Delhi, Noida",PythonFinanceMongoDBMachine LearningFinancial ModelingStatisticsC++ Programming+7 more
AI Engineer,Sameer Khatri,Bangalore                                                                (Hybrid),PythonMachine LearningAmazon Web Services (AWS)Natural Language Processing (NLP)Artificial intelligenceGenerative AI ToolsLLMOps+1 more
Video Annotator,Indika AI Private Limited,Work from home,Attention to DetailTime ManagementData AnalyticsTechnical AnalysisArtificial intelligenceMachine Learning Operations (MLOps)Self-learning+2 more
Mechanical Engineering,Pneumatic Equipments Corporation,Kolkata,Machine Learning
Python Development,TwiLearn EduTech Private Limited,Work from home,HTMLCSSPythonDjangoMachine LearningREST API
AI Agent Development,NAVNEET TOPTECH,Mumbai,JavaScriptPythonAPIsLangChainPrompt EngineeringChatGPTLLMOps
Artificial Intelligence (AI),DeepThought CultureTech Ventures Private Limited,Work from home,Artificial intelligence
AI System Development & Automation,Fast Action Claims,Work from home,JavaPythonOpenAI APIGenerative AI ToolsChatGPT
Machine Learning,NoirCapial,Work from home,PythonData AnalyticsMachine LearningData ScienceNatural Language Processing (NLP)Deep LearningArtificial intelligence
Artificial Intelligence (AI),NoirCapial,Work from home,PythonData StructuresMachine LearningData ScienceNeural NetworksNatural Language Processing (NLP)Deep Learning+1 more
Data Analytics,TwiLearn EduTech Private Limited,Work from home,PythonSQLData AnalyticsMS-ExcelData SciencePower BITableau
Video Annotator,Indika AI Private Limited,Work from home,Attention to DetailTime ManagementData AnalyticsTechnical AnalysisArtificial intelligenceMachine Learning Operations (MLOps)Self-learning+2 more
Mechanical Engineering,Pneumatic Equipments Corporation,Kolkata,Machine Learning
Python Development,TwiLearn EduTech Private Limited,Work from home,HTMLCSSPythonDjangoMachine LearningREST API
Artificial Intelligence (AI),OmniNeura AI Technologies Pvt Ltd,Work from home,PythonMachine LearningNatural Language Processing (NLP)Deep Learning
AI Agent Development,NAVNEET TOPTECH,Mumbai,JavaScriptPythonAPIsLangChainPrompt EngineeringChatGPTLLMOps
Artificial Intelligence (AI),DeepThought CultureTech Ventures Private Limited,Work from home,Artificial intelligence
AI System Development & Automation,Fast Action Claims,Work from home,JavaPythonOpenAI APIGenerative AI ToolsChatGPT
Machine Learning,NoirCapial,Work from home,PythonData AnalyticsMachine LearningData ScienceNatural Language Processing (NLP)Deep LearningArtificial intelligence
Artificial Intelligence (AI),NoirCapial,Work from home,PythonData StructuresMachine LearningData ScienceNeural NetworksNatural Language Processing (NLP)Deep Learning+1 more
Data Analytics,TwiLearn EduTech Private Limited,Work from home,PythonSQLData AnalyticsMS-ExcelData SciencePower BITableau
,,,
Agentic AI,International Institute Of SDGs & Public Policy Research,Work from home,Statistical ModelingMachine LearningNeural NetworksEnglish Proficiency (Spoken)Predictive AnalyticsArtificial intelligencePython Libraries
AI/ML AI Agent Development,Tellis Technologies Private Limited,Work from home,JavaScriptPythonMachine LearningData ScienceReactArtificial intelligenceData Analysis+2 more
Machine Learning,TSTEPS PRIVATE LIMITED,"Chennai, Mumbai, Bangalore, Kerala, Puduchery                                                                (Hybrid)",PythonData AnalyticsR ProgrammingData ScienceDeep LearningArtificial intelligence
Python Development,TSTEPS PRIVATE LIMITED,"Chennai, Mumbai, Hyderabad, Kerala, Puduchery                                                                (Hybrid)",HTMLCSSPythonDjangoMachine Learning
Artificial Intelligence (AI),Sai Kalyan,Work from home,HTMLPython
Machine Learning Engineer - Forecasting And Buy Algorithms,Mohan Gopalakrishna,Work from home,PythonMachine LearningData Science
Business Research,Adrasti,Work from home,FinanceSoftware TestingAccountingMarket AnalysisMachine LearningCybersecurityArtificial intelligence+4 more
Artificial Intelligence (AI),SystemaOps,Work from home,Artificial intelligence
Intelligent Transportation Systems (ITS) Researcher,The Asian Institute Of Transport Development,Delhi,PythonTime ManagementMachine LearningProblem SolvingLiterature ReviewArtificial intelligenceEffective Communication+5 more
Python Development,Everything About AI,Work from home,CSSPythonMongoDBMachine LearningPostgreSQLREST APIDeep Learning+4 more
Neuro Technology,TSTEPS PRIVATE LIMITED,"Chennai, Madurai, Bangalore, Kerala, Andra, Puduchery                                                                (Hybrid)",Machine LearningEmbedded SystemsSignal Processing
AI Agent Development,Aditya Jha,Work from home,JavaScriptPythonNode.jsJSONREST APIAPIsOpenAI API+1 more
FPGA Developer,Vicharak Computers LLP,Surat,VLSIVerilogVHDLFPGA Synthesis and PrototypingDebugging
AI Agent Development,Zoxima Solutions Private Limited,Work from home,JavaScriptPythonGenerative AI Tools
Machine Learning,Tilak Karveran,Work from home,PythonSQLData AnalyticsMachine LearningNoSQLscikit-learnSeaborn
Artificial Intelligence (AI),Nobrokerage.com,Pune,JavaPythonData StructuresArtificial intelligenceJuliaOpenAI APIKeras+2 more
Quant Researcher,QuantGlobal,"Delhi, Ghaziabad, Greater Noida, Noida",PythonStatistical ModelingMachine LearningFinancial ModelingTableauStock TradingData Analysis+3 more
Quant Developer,QuantGlobal,"Delhi, Noida",PythonMongoDBMachine LearningC++ ProgrammingStock TradingAPIsProbability
Node.js Generative AI/ML Developer,Arakoo,Work from home,Node.jsExpress.jsTypeScriptTerraform
Quant Developer,AlgoBulls,Work from home,PythonGitGitHubData ScienceBashQuantitative Research
AI Agent Development,EshiaBIM,Ahmedabad,JSONFrontend developmentMicrosoft AzureREST APIAmazon Web Services (AWS)CI/CDFastAPI+9 more
AI Agent Development,Yardstick,Work from home,PythonMachine Learning
Data And AI Architect,Sorvanis,Work from home,PythonData AnalyticsLangChain
AI Agent Development,Awwgment,Work from home,PythonREST APITransformersFastAPIAPIsOpenAI APILangChain+4 more
LLM,Indika AI Private Limited,Delhi,MySQLPythonMachine Learning
Artificial Intelligence (AI),Almost Magic Private Limited,"Chandigarh, Mohali, Panchkula",PythonData StructuresMachine LearningData ScienceNeural NetworksNatural Language Processing (NLP)Deep Learning+1 more
Artificial Intelligence (AI),Pulse Labs,Work from home,MS-OfficeSoftware TestingArtificial intelligence
Data Labelling,Radic Advertising Private Limited,Hyderabad                                                                (Hybrid),PythonMS-ExcelJSON
Artificial Intelligence (AI),URE Legal Advocates,Noida,PythonMachine LearningNatural Language Processing (NLP)Deep Learning
AI Specialist,QuantGlobal,Noida,PythonArtificial intelligenceAPIsGenerative AI DevelopmentArtificial Intelligence Markup Language (AIML)LangChainLLMOps
AI video creation,EMIAC Technologies,Jaipur,Adobe PhotoshopAdobe IllustratorFinal Cut ProCanvaCapcut
Technical Support,Tech Analogy,Ahmedabad,MATLABOpenCVSolidWorksClient InteractionMachine LearningTechnical SupportClient Relationship+4 more
Database & Storage Internals Research,Black Potato Systems,Work from home,Database Management System (DBMS)Distributed ComputingKubernetes
Market Research,Klearprop,Mumbai,MS-WordMS-ExcelEnglish Proficiency (Spoken)English Proficiency (Written)Research and Analytics
Digital Marketing,EMIAC Technologies,Gopalpura,Digital MarketingLinkedIn MarketingDigital Marketing Tools
Agentic RAG Tools And Applications Development,FrugalX (Frugal Explorations Foundation),Work from home,JavaScriptTypeScript
Artificial Intelligence For Biotech For Climate (A4B4C),Energy Alternatives India,Chennai,BiologyMachine LearningBioinformaticsMicrobiological TechniquesNeural NetworksBusiness ResearchArtificial intelligence+1 more
E-commerce Associate,Codeous Technologies Private Limited,Work from home,MS-ExcelEffective Communication
Data Engineering & Analytics,Hornbill Labs Private Limited,Thiruvananthapuram,JavaScriptPythonSQLData AnalyticsNode.jsWeb developmentData Visualization+1 more
"Producers Assistant Residency Program: Founders Office - Research, Development And Operations (Hollywood Film)",Continuum Media,Mumbai,MS-OfficeContent WritingPythonAdobe IllustratorSQLAdobe Creative SuiteMachine Learning+7 more
,,,
Digital Transformation,Kores (India) Limited,Mumbai,Data InterpretationPower BIFigmaData AnalysisData Cleaning
AI Applications,Paracoat Products Limited,Gurgaon,MS-OfficeProject ManagementMS-PowerPointPresentation skillsData AnalyticsMS-ExcelProblem Solving+7 more
Field Force Transformation In Consumer Product Division,Parag Milk Foods Limited,Mumbai,MS-ExcelInterpersonal skillsEffective Communication
Data Science,"Mekari (Jakarta, Indonesia)",Work from home,PythonSQLData AnalyticsMachine LearningData entryData ScienceNatural Language Processing (NLP)+4 more
Content Development (English),Gyaan Plus Media,Bangalore,Video EditingArtificial intelligenceGoogle SheetsGenerative AI ToolsCapcutAI Video GenerationAI Image Generation+2 more
Financial Research ( Only For Students Planning To Study Abroad After Graduation ),HumbleWalking,Mumbai                                                                (Hybrid),Interpersonal skillsEffective Communication
AI Tutor,Aadi Foundation,Work from home,PythonVideo EditingVideo MakingArtificial intelligenceGenerative AI ToolsAI Video GenerationAI Image Generation+1 more
Tech Operations & Website (Only For Students Planning To Study Abroad),HumbleWalking,Mumbai                                                                (Hybrid),Effective Communication
Solution Engineer,Zext Digital LLP,Work from home,JavaScriptPythonAPIsLangChainGenerative AI ToolsLLM evaluation
Database Building/Management,Pune Logitech Services Pvt. Ltd.,Pune,MS-OfficeMS-WordMS-Excel
Python Development,Jorim Technology Solutions Private Limited,Chennai                                                                (Hybrid),PythonDjangoMachine LearningREST APIFlask
Full Stack Development,NDL Power Limited,Work from home,PythonASP.NETMachine LearningNode.jsMS SQL ServerAutomationReact+5 more
Founders Office,MARKETMAZE,Work from home,PythonDigital MarketingInterpersonal skillsEffective Communication
Business Strategy & Performance (CEO’s Office),Neuherbs,Noida,Presentation skillsTime ManagementAnalytical ThinkingMS-Excel
Market Research,Ruban Bridge Private Limited (1Bridge),Bangalore,MS-PowerPointMS-ExcelResearch and Analytics
Machine Learning,Zdminds,Work from home,PythonData AnalyticsMachine LearningR ProgrammingData ScienceNatural Language Processing (NLP)Deep Learning+1 more
Machine Learning,CareerNest,Work from home,PythonMachine LearningData Science
Growth Marketing,Bloomeasy AI,Work from home,Digital MarketingMarketing Strategies Marketing Campaigns Data Analysis
Research Analyst,JP IT STAFFING LLC,Work from home,Research and Analytics
Data Analytics,Zdminds,Work from home,PythonSQLData AnalyticsMS-ExcelData SciencePower BITableau
AI Agent Development,On Demand Experts,Work from home,PythonLLMOpsLLM evaluation
Financial Analyst,Zean Lithos And Company Private Limited,Work from home,MS-WordMS-Excel
Data Science,CareerNest,Work from home,PythonData AnalyticsMachine LearningData ScienceNatural Language Processing (NLP)Deep LearningArtificial intelligence
Business Analytics,Treviax.in,Work from home,MS-OfficePythonSQLData AnalyticsMS-ExcelEnglish Proficiency (Spoken)English Proficiency (Written)+1 more
Data Analytics,Treviax.in,Work from home,PythonSQLData AnalyticsMS-ExcelData SciencePower BITableau
Machine Learning,Treviax.in,Work from home,PythonData AnalyticsMachine LearningData ScienceNatural Language Processing (NLP)Deep LearningArtificial intelligence
Data Analytics,Hunt Digital Media,Work from home,PythonSQLData AnalyticsMS-ExcelData SciencePower BITableau
Data Science,Zdminds,Work from home,PythonSQLData AnalyticsMachine LearningData ScienceNatural Language Processing (NLP)
Artificial Intelligence (AI),Zdminds,Work from home,PythonData StructuresMachine LearningData ScienceNeural NetworksNatural Language Processing (NLP)Deep Learning
AI Video Creator & Editor,Aadi Foundation,Work from home,Video EditingVideo MakingArtificial intelligenceVideo Marketing
Data Science,Mindenious Edutech,Work from home,PythonSQLData AnalyticsMachine LearningData ScienceDeep Learning
Data (SQL & Visualization),Wadhwani Foundation,"Chennai, Delhi, Mumbai, Bangalore                                                                (Hybrid)",SQLMongoDBPostgreSQLMS-ExcelData VisualizationPower BITableau+3 more
Prompt Engineering,Ozibook Tech Solutions Private Limited,Work from home,ChatGPT
Artificial Intelligence (AI),Stirring Minds,"Delhi, Gurgaon, Noida                                                                (Hybrid)",PythonData StructuresMachine LearningData ScienceNeural NetworksNatural Language Processing (NLP)Deep Learning+3 more
Data Analytics,Ozibook Tech Solutions Private Limited,Work from home,MS-ExcelLead Generation
Research Analyst,Ozibook Tech Solutions Private Limited,Work from home,Research and Analytics
Business Analyst Assistant,Ozibook Tech Solutions Private Limited,Work from home,MS-OfficeGoogle Docs
Business Analytics,Ozibook Tech Solutions Private Limited,Work from home,MS-OfficeMS-Excel
Data Science,Emoolar Technology Private Limited,Work from home,PythonMachine LearningData ScienceArtificial intelligence
Market Entry Strategy,Aura Workwear,Work from home,Market AnalysisStrategyMarket researchData Analysis
Data Science,Mindenious Edutech,Work from home,PythonSQLData AnalyticsMachine LearningData ScienceDeep Learning
Data (SQL & Visualization),Wadhwani Foundation,"Chennai, Delhi, Mumbai, Bangalore                                                                (Hybrid)",SQLMongoDBPostgreSQLMS-ExcelData VisualizationPower BITableau+3 more
Prompt Engineering,Ozibook Tech Solutions Private Limited,Work from home,ChatGPT
Artificial Intelligence (AI),Stirring Minds,"Delhi, Gurgaon, Noida                                                                (Hybrid)",PythonData StructuresMachine LearningData ScienceNeural NetworksNatural Language Processing (NLP)Deep Learning+3 more
Data Analytics,Ozibook Tech Solutions Private Limited,Work from home,MS-ExcelLead Generation
Research Analyst,Ozibook Tech Solutions Private Limited,Work from home,Research and Analytics
Business Analyst Assistant,Ozibook Tech Solutions Private Limited,Work from home,MS-OfficeGoogle Docs
Business Analytics,Ozibook Tech Solutions Private Limited,Work from home,MS-OfficeMS-Excel
Data Science,Emoolar Technology Private Limited,Work from home,PythonMachine LearningData ScienceArtificial intelligence
Market Entry Strategy,Aura Workwear,Work from home,Market AnalysisStrategyMarket researchData Analysis
,,,
Research Analyst,QuadB Tech,Work from home,BlockchainResearch and Analyticsweb3.jsHubSpotTrelloAsana
Digital Marketing,Technix Digital Marketing,Work from home,Social Media MarketingSearch Engine Marketing (SEM)Digital MarketingSearch Engine Optimization (SEO)Email MarketingInstagram Marketing
AI Engineer,Clientcarex AI Private Limited,Hyderabad,Problem SolvingResearch and AnalyticsReport GenerationSelf-learningGenerative AI ToolsChatGPT
Data Collection Agent,Instawork,Bangalore,Effective Communication
AI For Climate Tech,Energy Alternatives India,Chennai,BiologyMachine LearningBioinformaticsMicrobiological TechniquesNeural NetworksBusiness ResearchArtificial intelligence+1 more
Instructional Designer,Kalvium,Bangalore,Data StructuresMachine LearningData ScienceComputer ArchitectureOperating SystemsCybersecurityGenerative AI Tools
Prompt Engineering,Nestup Space,Hyderabad,JavaScriptPythonFrontend development
Market Research (Only For Students Planning To Study Abroad After Graduation),HumbleWalking,Mumbai                                                                (Hybrid),Interpersonal skillsEffective Communication
Full Stack Development,Aurus.ai,Work from home,CSSPythonDjangoPostgreSQLReactFigmaNext.js
Technical Support,Fantastech Solutions Private Limited,Work from home,REST APIEnglish Proficiency (Spoken)English Proficiency (Written)Interpersonal skillsEffective CommunicationAPIsOnboarding+1 more
E-Commerce Business Management,Vipul Sharma,Work from home,Social Media MarketingMarket AnalysisMS-ExcelMarketingEffective CommunicationProduct MarketingAI Video Generation+1 more
Digital Marketing,Shree Krishna Enterprise,Work from home,Social Media MarketingSearch Engine Marketing (SEM)Digital MarketingSearch Engine Optimization (SEO)Facebook MarketingInstagram MarketingYouTube Ads
Artificial Intelligence (AI),Zoxima Solutions Private Limited,Work from home,Artificial intelligenceLangChain
Sales,Bridge2job,Work from home,Cold CallingClient Relationship Management (CRM)Sales ManagementSales SupportEnglish Proficiency (Spoken)English Proficiency (Written)Sales+2 more
Selenium Web Scraper Developer,Medius Technologies Private Limited,Work from home,SeleniumDjangoPostgreSQLAmazon Web Services (AWS)Flask
Selenium Automation Developer,Medius Technologies Private Limited,Work from home,SeleniumDjangoPostgreSQLAmazon Web Services (AWS)Flask
Search Engine Optimization (SEO),Shiksha Nation™,Noida,Google AnalyticsGoogle AdWordsSearch Engine Optimization (SEO)Google Search Console
Trading,DEEPANSH KALRA,Delhi,PythonAlgorithmsVisual Basic (VB)MS-Excel
Marketing Solutions Consultant,Ramyoz,Noida,Digital MarketingInterpersonal skillsSalesEffective Communication
Research And Marketing,Insytelli Services LLP,Bangalore                                                                (Hybrid),Market AnalysisResearch and AnalyticsProduct Marketing
Market & Strategy Analyst (Isotopes),ESSI Integrated Technologies,Work from home,ChemistryMarket researchBiostatisticsPrompt EngineeringPharmacology
Machine Learning,Vaibhav Wakade,"Pune, Ahmednagar, Nashik                                                                (Hybrid)",JavaScriptPythonData AnalyticsAutomationNatural Language Processing (NLP)Deep LearningBlockchain+5 more
Talent Acquisition,C3A Labs,Work from home,Social Media MarketingEnglish Proficiency (Spoken)English Proficiency (Written)Artificial intelligence
Data Analytics,Emoolar Technology Private Limited,Work from home,PythonSQLData AnalyticsMS-ExcelPower BITableau
Artificial Intelligence (AI),Across The Globe (ATG),Work from home,PythonData StructuresMachine LearningComputer VisionData ScienceNeural NetworksNatural Language Processing (NLP)+2 more
Creative Associate Bengali,Pratilipi,Work from home,Content WritingCreative WritingBengali Proficiency (Spoken)ProofreadingBengali Proficiency (Written)Creative DirectionContent Editing
Pre-Sales,LocoBuzz,Mumbai,Analytical ThinkingSales SupportInterpersonal skillsEffective CommunicationStakeholder ManagementCollaboration
Saas Data Engineer/Data Pipeline Developer,"Estate Atlas (Los Angeles, United States)",Work from home,MySQLPythonSQLNext.jsData ExtractionData EngineeringETL processes+1 more
Marketing Research,Bodhitree Multimedia Ltd,Mumbai,MS-WordPresentation skillsMS-ExcelCanvaInterpersonal skillsEffective Communication
Product Analyst,CloudBird Digital Private Limited,Noida,Business AnalysisBusiness ResearchResearch and AnalyticsProduct Strategy
AI Engineer,Entrepreneur Growth Lab (OPC) Private Limited,Work from home,JavaJavaScriptPythonAlgorithmsMachine LearningAutomationREST API+4 more
Performance Marketing,Brandshark,Bangalore,Google AnalyticsDigital MarketingFacebook AdsPerformance Marketing
Stock Market Backtesting Executive,LJ Webtech,Work from home,Analytical ThinkingStock TradingData Analysis
AI Data Entry,Codematics Solution LLP,Work from home,MS-OfficeDigital MarketingTime ManagementMS-ExcelEnglish Proficiency (Spoken)Google Suite (G Suite)
Data Analytics,DeepThought CultureTech Ventures Private Limited,Work from home,Data Analytics
Data Science,DeepThought CultureTech Ventures Private Limited,Work from home,PythonGoogle Sheets
Data Science,Tradexa Technologies Private Limited,Pune,PythonSQLAlgorithmsData StructuresData AnalyticsStatistical ModelingGit+2 more
Content and Social Media Marketing,Right To Digital,"Delhi, Noida                                                                (Hybrid)",Creative WritingEnglish Proficiency (Spoken)English Proficiency (Written)
Marketing Associate,Ayurveda House Private Limited,Delhi,Email MarketingAnalytical ThinkingClient Relationship Management (CRM)CoordinationEffective CommunicationData AnalysisPerformance Management
AI + Graphic Designer,DigiChefs,Mumbai                                                                (Hybrid),Artificial intelligenceGraphic Design
,,,
Data Science,Zoop Live,Delhi,PythonMachine LearningData ScienceNatural Language Processing (NLP)Deep LearningArtificial intelligenceNumPy+1 more
Social Media Marketing,FinX Institute Limited,Mumbai,Social Media MarketingDigital MarketingCreative WritingInstagram Marketing
Data Analytics,Stirring Minds,Delhi,PythonSQLTime ManagementData AnalyticsMS-ExcelClient Relationship Management (CRM)Power BI+2 more
AI Content Assistant,Grivaa Consultancy Services,Work from home,Generative AI ToolsChatGPTElevenlabs (GenAI)HeyGen (GenAI)
Founders Office,Ayurveda House Private Limited,Delhi,Social Media MarketingData AnalyticsMS-ExcelProduct DevelopmentEffective CommunicationProduct Strategy
Graphic Design,MullenLowe Lintas Group,Mumbai,Adobe PhotoshopUI & UX Design
AI/ML Python,Tellis Technologies Private Limited,Work from home,JavaScriptPythonMachine LearningArtificial intelligenceMERN
AI Graphics Designer,Codematics Solution LLP,Work from home,CorelDRAWProject ManagementAdobe Creative SuiteSoftware TestingCreative WritingUI & UX DesignSketch+4 more
Artificial Intelligence (AI),Stirring Minds,Work from home,PythonSQLData StructuresMachine LearningData ScienceNeural NetworksRTOS+7 more
CGOps,Taskify,Bangalore,Time ManagementStrategyPlanningOperationsMS-ExcelInterpersonal skillsEffective Communication+2 more
Search Engine Optimization (SEO),Delhi Chai Cafe,Delhi,Social Media MarketingGoogle AnalyticsSearch Engine Marketing (SEM)Digital MarketingGoogle AdWordsEnglish Proficiency (Written)
Software Engineering- AI Agent Integration Team,EmergentLabs,Bangalore,PythonProblem SolvingArtificial intelligenceAPIsDebuggingPrompt Engineering
Performance Marketing,Baweja Media,Work from home,Google AnalyticsGoogle AdWordsEnglish Proficiency (Spoken)Facebook AdsPerformance Marketing
Python Development,Scoreazy Edutech Private Limited,Work from home,PythonREST APIFastAPIOpenAI APIStreamlitPrompt Engineering
Finance Research Analyst,Edify Equity,Work from home,Research and Analytics
Sales – AI Product,Trustscape Technologies Private Limited,Work from home,Social Media MarketingPresentation skillsNetworkingCold CallingAnalytical ThinkingClient Relationship Management (CRM)Lead Generation+3 more
Business Development (Sales),The Hiring Stories,Work from home,Digital MarketingEmail MarketingMS-ExcelEnglish Proficiency (Spoken)English Proficiency (Written)
AI & Data Science,Inorbvict Healthcare India Private Limited,Pune,Data ScienceArtificial intelligence
Data Research & AI Assistant (Quipo – Digital Magazine Launch),"Quipo (Sydney, Australia)",Work from home,Research and AnalyticsGoogle SheetsChatGPTPerplexity
Data Analytics,APEX ENGINEERING,Work from home,JavaPythonSQLData AnalyticsMS-ExcelData ScienceData Interpretation+4 more
SEO Analyst,Shiplee,Work from home,Search Engine Marketing (SEM)Search Engine Optimization (SEO)Analytical Thinking
"Shopify Store Designer, Automation Specialist And Landing Page Developer",Sriven Commerce,Work from home,Social Media MarketingBrandingWordPressVideo EditingSearch Engine Optimization (SEO)Design ThinkingShopify+1 more
Growth Marketer,Anchors.in,Noida,Email MarketingAutomationLead GenerationInterpersonal skillsMarketingEffective Communication
Quant Developer,QuantGlobal,"Delhi, Noida",PythonFinanceMongoDBMachine LearningFinancial ModelingStatisticsC++ Programming+7 more
Search Engine Optimization (SEO),TVM Info Solutions Private Limited,Mumbai                                                                (Hybrid),Social Media MarketingGoogle AnalyticsSearch Engine Marketing (SEM)Digital MarketingGoogle AdWordsSearch Engine Optimization (SEO)
Data Annotation,RoadVision AI Private Limited,South,Data InterpretationData Annotation
AI Engineer,Sameer Khatri,Bangalore                                                                (Hybrid),PythonMachine LearningAmazon Web Services (AWS)Natural Language Processing (NLP)Artificial intelligenceGenerative AI ToolsLLMOps+1 more
Digital Marketing,Ample Technologies,Bangalore,Social Media MarketingGoogle AnalyticsSearch Engine Marketing (SEM)Search Engine Optimization (SEO)Creative WritingEmail MarketingEnglish Proficiency (Spoken)
Social Media Marketing,Om Technologies Private Limited,Aurangabad                                                                (Hybrid),Digital MarketingFacebook MarketingEmail Marketing
Video Annotator,Indika AI Private Limited,Work from home,Attention to DetailTime ManagementData AnalyticsTechnical AnalysisArtificial intelligenceMachine Learning Operations (MLOps)Self-learning+2 more
Content and Social Media Marketing,Biosolutions Cosmetics,Delhi,Social Media MarketingVideo EditingContent MarketingInstagram Ads
Graphic Design,Om Kiran Group,Noida,Adobe PhotoshopVideo EditingAdaptabilityCanvaEffective CommunicationAI Video GenerationAI Image Generation
Automation And Business Operations,PaySprint Private Limited,Delhi,JavaScriptPythonDockerEffective CommunicationGoogle Sheets
Digital Marketing,Wolf Lifts,Delhi,Social Media MarketingDigital MarketingSearch Engine Optimization (SEO)Creative Writing
Search Engine Optimization (SEO),Webwingz Software Private Limited,Work from home,English Proficiency (Written)
Digital Marketing,Vanel Tech India Private Limited,Work from home,Social Media MarketingSearch Engine Marketing (SEM)Digital MarketingData AnalyticsGoogle AdWordsSearch Engine Optimization (SEO)Content Marketing+1 more
AI Video Editor,NextMind Solutions,Work from home,Video EditingGenerative AI ToolsAI Video GenerationAI Image Generation
AI Artist,Dashtoon,Bangalore                                                                (Hybrid),Artificial intelligenceDigital Art
Data Analytics,GoMechanic,Pune,PythonSQLData AnalyticsMS-ExcelData SciencePower BITableau
Market Research,RRR,Work from home,MS-WordMS-Excel
,,,
Data Mining - Part Time,Indika AI Private Limited,Work from home,Time ManagementComputer skillsData Extraction
Search Engine Optimization (SEO),Eximine Private Limited,Delhi,Google AnalyticsSearch Engine Optimization (SEO)
General Management,GraphixPro Design Academy,Mumbai,CoordinationEnglish Proficiency (Spoken)English Proficiency (Written)Canva
Tech Assistant,Supervaisor.AI,Work from home,Attention to DetailTime ManagementProblem SolvingEnglish Proficiency (Spoken)English Proficiency (Written)AdaptabilityGoogle Workspace+3 more
Performance/Growth Marketer,Devavi Media,Work from home,Google AnalyticsGoogle AdWordsMS-ExcelFacebook AdsGoogle Tag Manager
Data Analyst,APEX ENGINEERING,Work from home,MySQLPythonSQLData AnalyticsMS-ExcelStatisticsData Interpretation+6 more
Graphic Design,Ekam Ventures,Bangalore,Social Media MarketingVideo EditingVisual DesignCanvaGenerative AI ToolsGraphic Design
Fresher Marketing Analyst(Work From Home),ABUEM WORKIFYING LLP,Work from home,Team ManagementAttention to DetailMarket AnalysisProblem SolvingData InterpretationMarket researchEffective Communication+6 more
Artificial Intelligence (AI),OmniNeura AI Technologies Pvt Ltd,Work from home,PythonMachine LearningNatural Language Processing (NLP)Deep Learning
AI Agent Development,NAVNEET TOPTECH,Mumbai,JavaScriptPythonAPIsLangChainPrompt EngineeringChatGPTLLMOps
Business Analytics,DeepThought CultureTech Ventures Private Limited,Work from home,Business Analysis
Founders Office,OZI,Gurgaon,Data AnalyticsAdministrative Support
Artificial Intelligence (AI),DeepThought CultureTech Ventures Private Limited,Work from home,Artificial intelligence
Grafana,Jampot Technologies Private Limited,"Thane, Navi Mumbai, Mumbai",Data VisualizationPerformance Monitoring
Prompt Engineering (Female),Northbridge Consulting,Work from home,English Proficiency (Spoken)English Proficiency (Written)
Data Science,Primetrade.ai,Work from home,PythonTime ManagementStatisticsCryptographyStock Tradingweb3.jsNumPy+2 more
Vessel Performance,GET Marine Management (India) Pvt Ltd - Geoserve,Mumbai,MS-ExcelEffective Communication
Business Research,Sabato Exports Pvt Ltd,Delhi,MS-OfficeMS-WordReport WritingEnglish Proficiency (Spoken)
Operations,Next Labs,Mumbai,MS-OfficeDigital MarketingTime ManagementSearch Engine Optimization (SEO)MultitaskingEnglish Proficiency (Spoken)English Proficiency (Written)+1 more
AI System Development & Automation,Fast Action Claims,Work from home,JavaPythonOpenAI APIGenerative AI ToolsChatGPT
Performance Marketing,Break The Code,"Thane, Navi Mumbai, Mumbai, Virar, Vashi, Vasai, Mira Bhayandar, Nala Sopara, Borivali Tarf Rahur, Vasai-Virar, Bandra",Google AdWordsFacebook MarketingLead GenerationEnglish Proficiency (Spoken)English Proficiency (Written)Facebook AdsInstagram Ads
Performance Marketing (Paid Ads),8Views,"Secunderabad, Hyderabad",Google AnalyticsSearch Engine Marketing (SEM)Google AdWordsDigital AdvertisingFacebook Ads
Machine Learning,NoirCapial,Work from home,PythonData AnalyticsMachine LearningData ScienceNatural Language Processing (NLP)Deep LearningArtificial intelligence
Artificial Intelligence (AI),NoirCapial,Work from home,PythonData StructuresMachine LearningData ScienceNeural NetworksNatural Language Processing (NLP)Deep Learning+1 more
Data Analytics,NoirCapial,Work from home,PythonSQLData AnalyticsMS-ExcelData SciencePower BITableau
System Design,International Institute Of SDGs & Public Policy Research,Work from home,English Proficiency (Spoken)Feature Engineering
Data Analytics,TwiLearn EduTech Private Limited,Work from home,PythonSQLData AnalyticsMS-ExcelData SciencePower BITableau
Product (AI Content & Analytics),OpenPrep Academy,Work from home,PythonPostgreSQLPrompt EngineeringLLM evaluation
Founders Office,Hybr1d Technologies Private Limited,Work from home,Social Media MarketingData AnalyticsMarket AnalysisResearch and AnalyticsSalesMarketing
Agentic AI,International Institute Of SDGs & Public Policy Research,Work from home,Statistical ModelingMachine LearningNeural NetworksEnglish Proficiency (Spoken)Predictive AnalyticsArtificial intelligencePython Libraries
AI/ML AI Agent Development,Tellis Technologies Private Limited,Work from home,JavaScriptPythonMachine LearningData ScienceReactArtificial intelligenceData Analysis+2 more
Business Analytics,Pexaworks Technologies Private Limited,Work from home,PythonSQLData AnalyticsBusiness AnalysisResearch and Analytics
Machine Learning,TSTEPS PRIVATE LIMITED,"Chennai, Mumbai, Bangalore, Kerala, Puduchery                                                                (Hybrid)",PythonData AnalyticsR ProgrammingData ScienceDeep LearningArtificial intelligence
Python Development,TSTEPS PRIVATE LIMITED,"Chennai, Mumbai, Hyderabad, Kerala, Puduchery                                                                (Hybrid)",HTMLCSSPythonDjangoMachine Learning
Artificial Intelligence (AI),Learnify Technologies Private Limited,Noida,Artificial intelligenceMarketing Campaigns Prompt Engineering
Artificial Intelligence (AI),Sai Kalyan,Work from home,HTMLPython
Data Science,Business Quant,Work from home,PythonData AnalyticsData Science
Social Media Marketing,Hyphiin,Work from home,Social Media MarketingDigital MarketingFacebook MarketingCreative WritingEnglish Proficiency (Written)Instagram Marketing
Email Marketing,Flynaut Infotech Private Limited,Pune,Email MarketingEmail Management
Digital Marketing,YuviB Strategic Value Partners,Pune,Social Media MarketingDigital MarketingCreative WritingEmail MarketingEnglish Proficiency (Spoken)English Proficiency (Written)Canva+2 more
,,,
Equity Research,Business Quant,Work from home,MS-Excel
Machine Learning Engineer - Forecasting And Buy Algorithms,Mohan Gopalakrishna,Work from home,PythonMachine LearningData Science
Full Stack Development,LiteThink AI,Work from home,HTMLJavaScriptNode.jsReactFirebaseGoogle Cloud Platforms (GCP)OpenAI API+2 more
AI Drone Engineer,Oxygen To Innovation,Noida,Embedded SystemsC++ ProgrammingArtificial intelligence
Video Editing/Making,MostlyKool,Work from home,Adobe PhotoshopAdobe IllustratorVideo EditingAdobe Premiere ProFinal Cut ProVideo Making
Artificial Intelligence (AI),SystemaOps,Work from home,Artificial intelligence
Intelligent Transportation Systems (ITS) Researcher,The Asian Institute Of Transport Development,Delhi,PythonTime ManagementMachine LearningProblem SolvingLiterature ReviewArtificial intelligenceEffective Communication+5 more
Digital Marketing & Creative Storytelling,Amplyft Training Services Private Limited,Mumbai                                                                (Hybrid),Social Media MarketingMS-OfficeContent WritingCreative WritingCanvaGenerative AI Tools
Quality And Policy,Unibots,Work from home,Quality Assurance/Quality Control (QA/QC)
Inside Sales,Caresoft Systems Private Limited,Mira Bhayandar,MS-ExcelEnglish Proficiency (Spoken)English Proficiency (Written)Effective Communication
Python Development,Everything About AI,Work from home,CSSPythonMongoDBMachine LearningPostgreSQLREST APIDeep Learning+4 more
Neuro Technology,TSTEPS PRIVATE LIMITED,"Chennai, Madurai, Bangalore, Kerala, Andra, Puduchery                                                                (Hybrid)",Machine LearningEmbedded SystemsSignal Processing
AI Agent Development,Aditya Jha,Work from home,JavaScriptPythonNode.jsJSONREST APIAPIsOpenAI API+1 more
Data Research & Lead Generation,MSA Software,Work from home,Search Engine Optimization (SEO)Data entryMarketing StrategyResearch and AnalyticsMarket research
AI Product Strategy,Altekchain Software Solutions,Work from home,PythonPresentation skillsMS SQL ServerAnalytical ThinkingProduct Lifecycle Management(PLM)Effective CommunicationData Analysis+1 more
Information Technology,"Milltex Blanks Inc (New York, United States)",Work from home,PythonAPIsReplit (GenAI)
Robotics,Gephr Labs,Hyderabad,PythonRoboticsC++ Programming
Inside Sales,ChitraMandir Creations,Work from home,NegotiationMarket AnalysisCold CallingLead Generation
AI Video Creator And Prompt Engineer,Village Talkies,Bangalore,CreativityAttention to DetailTime ManagementScript WritingVideo MakingAnimationStorytelling+10 more
AI & Automation Expert (Remote- Full-Time),"Pearl Lemon (London, United Kingdom)",Work from home,Problem SolvingAutomationData entryData InterpretationEffective CommunicationAPIs
Business/Data Research,KP Hospicare Enterprises,Noida,Attention to DetailAnalytical ThinkingDatabase Management System (DBMS)Interpersonal skillsResearch and AnalyticsMarket research
Social Media Marketing,GM's SpeechGears Private Limited,"Delhi, Gurgaon, Meerut, Greater Noida, Noida",Social Media MarketingDigital MarketingSearch Engine Optimization (SEO)Instagram Marketing
MIS,Delta8 Technologies,Thane,MathematicsAdvanced ExcelGoogle Sheets
FPGA Developer,Vicharak Computers LLP,Surat,VLSIVerilogVHDLFPGA Synthesis and PrototypingDebugging
Management Information System,Tapovan Impex Private Limited,Delhi,SQLAdvanced ExcelPower BIGoogle Sheets
AI Agent Development,Zoxima Solutions Private Limited,Work from home,JavaScriptPythonGenerative AI Tools
Social Media Marketing,Exotic Musings,Bangalore                                                                (Hybrid),Digital MarketingE-commerceFacebook MarketingInstagram Marketing
Operations,A Pardawala,Mumbai,MS-OfficeMS-WordMS-PowerPointMS-ExcelEnglish Proficiency (Spoken)English Proficiency (Written)
Data Generation,Skan.ai,Bangalore                                                                (Hybrid),Python
Data Analytics,The Affordable Organic Store,Hyderabad,MS-OfficeSQLData AnalyticsMS-ExcelData SciencePower BI
SAP BI (Business Intelligence) & Analytics,Entrepreneur Growth Lab (OPC) Private Limited,Noida                                                                (Hybrid),Data AnalyticsMS-ExcelBusiness AnalysisData VisualizationPower BITableauData Analysis+2 more
Machine Learning,Tilak Karveran,Work from home,PythonSQLData AnalyticsMachine LearningNoSQLscikit-learnSeaborn
Artificial Intelligence (AI),Nobrokerage.com,Pune,JavaPythonData StructuresArtificial intelligenceJuliaOpenAI APIKeras+2 more
Google & Meta Ads Manager,Ayatrio,Kolkata,Google AnalyticsGoogle AdWordsAnalytical ThinkingInstagram MarketingYouTube AdsFacebook AdsGoogle Tag Manager
Quant Researcher,QuantGlobal,"Delhi, Ghaziabad, Greater Noida, Noida",PythonStatistical ModelingMachine LearningFinancial ModelingTableauStock TradingData Analysis+3 more
Quant Developer,QuantGlobal,"Delhi, Noida",PythonMongoDBMachine LearningC++ ProgrammingStock TradingAPIsProbability
Data Analytics,Satyanarayana S,Work from home,PythonSQLData Analytics
Node.js Generative AI/ML Developer,Arakoo,Work from home,Node.jsExpress.jsTypeScriptTerraform
Quant Developer,AlgoBulls,Work from home,PythonGitGitHubData ScienceBashQuantitative Research
AI Agent Development,EshiaBIM,Ahmedabad,JSONFrontend developmentMicrosoft AzureREST APIAmazon Web Services (AWS)CI/CDFastAPI+9 more
,,,
Full Stack Development - AI,Yardstick,Work from home,HTMLCSSJavaScriptMongoDBNode.jsReactNext.js
AI Agent Development,Yardstick,Work from home,PythonMachine Learning
Export Import,Fortuna Enterprise,Vadodara,Marketing
Social Media Marketing,Marketing Matrix,Jaipur,Social Media MarketingDigital MarketingInstagram MarketingFacebook Ads
Digital Marketing,Wow!Zindagi,Ranchi,Social Media MarketingSearch Engine Marketing (SEM)Digital MarketingSearch Engine Optimization (SEO)Facebook MarketingCreative WritingEnglish Proficiency (Written)+1 more
AI Business Development,Redjinni Industries Private Limited,Work from home,Digital AdvertisingInterpersonal skillsEffective Communication
Vibe Coders,Stirring Minds,Work from home,Web developmentArtificial intelligenceOpenAI APIClaudeVibe CodingCursor (GenAI)Lovable (GenAI)
Sales & Marketing (AI Assessment Platform),Ability Audit SML Services,Mumbai,Sales ManagementBusiness DevelopmentSalesMarketing
DSA (Data Structures And Algorithms) Mentor,Mikado Solutions,Work from home,JavaPythonAlgorithmsData Structures
Business,FeedbackEd,Work from home,MS-PowerPointCreative ThinkingStrategyCreative WritingProcess ManagementCanvaMarketing
AI Video Generation,AskIITians Web Private Limited,Work from home,Adobe Premiere ProCanvaCapcut
Business Analytics,Hamsi Marketing Private Limited,Hyderabad,PythonData AnalyticsMS-ExcelResearch and Analytics
Tech & Automation,Soulflower,Mumbai,AutomationTechnical SupportArtificial intelligenceTest Automation
Data And AI Architect,Sorvanis,Work from home,PythonData AnalyticsLangChain
Video Editing/Making,SQB Pictures,Delhi,Adobe PhotoshopAdobe IllustratorVideo EditingAdobe Premiere ProVideo Making
Business Analytics,ValQuant Research Private Limited,Thane,Social Media MarketingMS-OfficeData AnalyticsBusiness AnalysisEnglish Proficiency (Written)Marketing Campaigns
Project Management,The Concept Company,Mumbai,Project ManagementMS-ExcelClient RelationshipEffective Communication
AI Agent Development,Awwgment,Work from home,PythonREST APITransformersFastAPIAPIsOpenAI APILangChain+4 more
Market Research,We3 Tech Works,Mumbai                                                                (Hybrid),Research and Analytics
Social Media Marketing,Gemlay Jewels,Mohali,Social Media MarketingEnglish Proficiency (Written)Instagram Marketing
Content and Social Media Marketing,Katalyst India,Mumbai                                                                (Hybrid),LinkedIn MarketingCanvaInstagram Marketing
Business Development (Sales),OptivisX,"Delhi, Gurgaon, Noida                                                                (Hybrid)",Digital MarketingEmail MarketingEnglish Proficiency (Spoken)English Proficiency (Written)
Business Development (Sales),Hiringjet,Bangalore,B2B SalesInside Sales
LLM,Indika AI Private Limited,Delhi,MySQLPythonMachine Learning
Artificial Intelligence (AI),Almost Magic Private Limited,"Chandigarh, Mohali, Panchkula",PythonData StructuresMachine LearningData ScienceNeural NetworksNatural Language Processing (NLP)Deep Learning+1 more
Artificial Intelligence (AI),Pulse Labs,Work from home,MS-OfficeSoftware TestingArtificial intelligence
Business Development (Sales),Ratoon Professional Services Private Limited,Work from home,MS-ExcelSales ManagementSales
Digital Growth & Performance Marketing,Mayuresh Darne,"Navi Mumbai, Belapur, Vashi Navi Mumbai                                                                (Hybrid)",Social Media MarketingMarketing StrategyContent MarketingDigital AdvertisingGraphic Design
Operations Assistant,Himanshi Sharma,Work from home,Problem SolvingEnglish Proficiency (Written)CanvaChatGPT
Digital Marketing,Navicater Solutions India Private Limited,Kochi,Social Media MarketingAdobe IllustratorSearch Engine Marketing (SEM)Digital MarketingSearch Engine Optimization (SEO)Facebook MarketingCreative Writing+2 more
Social Media Marketing,Glowil Kart By PSS Tradelink,Pune                                                                (Hybrid),Social Media MarketingDigital MarketingSearch Engine Optimization (SEO)Facebook MarketingInstagram Marketing
Inbound/Digital Marketing,Cardtree,Work from home,Social Media MarketingWordPressVideo EditingSearch Engine Optimization (SEO)Email MarketingVideo MakingWeb development+5 more
Social Media Marketing,Dr Karanjeet Singh,Delhi,Social Media MarketingSearch Engine Marketing (SEM)Digital MarketingSearch Engine Optimization (SEO)Facebook MarketingEnglish Proficiency (Spoken)English Proficiency (Written)+1 more
Content & Research Associate,Ampliverse,Work from home,MS-OfficeDigital MarketingSearch Engine Optimization (SEO)Analytical ThinkingEnglish Proficiency (Written)Research and AnalyticsGoogle Suite (G Suite)+2 more
Excel Expert and Communication Expert,JP IT STAFFING LLC,Work from home,MISData AnalysisCollectionsReport Generation
Regulatory Data Research & Automation (Finance & Compliance),Neurasix AI Private Limited,Work from home,Data Extraction
Data Labelling,Radic Advertising Private Limited,Hyderabad                                                                (Hybrid),PythonMS-ExcelJSON
Business Analytics,Stayfindz,Pune,PythonData AnalyticsMS-Excel
Artificial Intelligence (AI),URE Legal Advocates,Noida,PythonMachine LearningNatural Language Processing (NLP)Deep Learning
Market Research,Techsurge Learning Private Limited,Jaipur,MS-OfficeMS-ExcelEnglish Proficiency (Written)Research and AnalyticsInternet
,,,
AI Specialist,QuantGlobal,Noida,PythonArtificial intelligenceAPIsGenerative AI DevelopmentArtificial Intelligence Markup Language (AIML)LangChainLLMOps
EXPORT MIS ANALYST,JP IT STAFFING LLC,Work from home,MISData AnalysisCollectionsReport Generation
Sales and Marketing,Amol Technologies,Nashik,MarketingEffective CommunicationSales Strategy
Marketing,MoneySquad,Delhi,Social Media MarketingDigital MarketingEmail MarketingMS-ExcelInside Sales
Full Stack AI Engineer,DigiPlus IT,"Mumbai, Maharashtra",MongoDBNode.jsUI & UX DesignDockerGitHubTypeScriptDevOps+6 more
Arabic Language Specialist,NoBroker,Bangalore,English Proficiency (Spoken)Arabic Proficiency (Spoken)Arabic Proficiency (Written)
Artificial Intelligence (AI),Evolvra,Work from home,PythonMachine LearningData ScienceNeural NetworksNatural Language Processing (NLP)Deep LearningArtificial intelligence
Software Engineer,Giddly.com,Work from home,PythonMachine LearningReact NativeGolangTypeScriptArtificial intelligence
MIS Executive,SciAstra Education Private Limited,Noida,Data AnalyticsAdvanced ExcelEnglish Proficiency (Spoken)Power BIVLOOKUP
Artificial Intelligence (AI),Kazunov 1AI,Work from home,PythonTensorFlowPyTorch
Machine Learning,EvoNexis,Work from home,PythonData AnalyticsMachine LearningData ScienceNatural Language Processing (NLP)Deep LearningArtificial intelligence
Data Analytics,EvoNexis,Work from home,PythonSQLData AnalyticsMS-ExcelData SciencePower BITableau
Business Development (Sales),BR SoftSol,Work from home,Social Media MarketingDigital MarketingEmail MarketingMS-ExcelLead GenerationEnglish Proficiency (Spoken)English Proficiency (Written)+2 more
Digital Marketing,SRS Media,Coimbatore,Digital Marketing
Social Media Analysis,DeepThought CultureTech Ventures Private Limited,Work from home,Business AnalysisPsychology
Data Science AI&ML Python Research,Megaminds IT Services,Work from home,JavaPythonDjangoMachine LearningComputer VisionFlaskDeep Learning+9 more
Machine Learning,Pexaworks Technologies Private Limited,Work from home,PythonMachine LearningTensorFlowPyTorch
Technical Writer,DTALES Tech,Bangalore                                                                (Hybrid),Content WritingSearch Engine Optimization (SEO)Technical WritingContent MarketingContent Editing
Data Analytics,Glorious Insight Private Limited,Mumbai,SQLPower BI
Artificial Intelligence (AI),Hubnine India Private Limited,Work from home,CSSContent WritingPythonData StructuresMachine LearningData ScienceReact+6 more
Ticket Inventory Management,Eva Live,Mumbai,MS-ExcelInterpersonal skillsEffective CommunicationGoogle Sheets
AI-Powered Video Editor,Gautam  Kumawat,Jaipur,Video EditingAdobe Premiere ProAdobe AuditionAdobe After EffectsColor GradingCapcutVisual Storytelling+3 more
Market Research,KnowledgeChakra,Work from home,Effective Communication
Digital Marketing,HFS Hearing Clinics Private Limited,Lucknow,Search Engine Marketing (SEM)Digital Marketing
Social Media Marketing,House Of Qalakari,Bangalore                                                                (Hybrid),Social Media MarketingAdobe PhotoshopImage EditingEnglish Proficiency (Spoken)Graphic Design
Market Research Specialist,The Coding Wale,Bangalore                                                                (Hybrid),MS-PowerPointMS-ExcelCanva
Business Development (Sales),Finding Futures HR,Mumbai,Social Media MarketingDigital MarketingEnglish Proficiency (Spoken)
Artificial Intelligence (AI),Kunal Kapur,"Delhi, Gurgaon",Python
Data Analytics- Internship,Brooke Hospital For Animals (India),Noida                                                                (Hybrid),Advanced ExcelPower BI
Social Media Manager & Content Strategist,Duostones LLC,Work from home,Social Media MarketingContent Management
